imdb_id,status
tt8923854,Cancelled
tt8369840,Concluded
tt7826108,Concluded
tt9077530,Cancelled
tt5180504,Cancelled
tt3007572,Concluded
tt10293938,Cancelled
tt9077540,Cancelled
tt9839146,Cancelled
tt9059350,Cancelled
tt9359220,Concluded
tt7423538,Cancelled
tt8740790,Concluded
tt8179402,Cancelled
tt9012876,Cancelled
tt10813940,Cancelled
tt13879466,Cancelled
tt2403776,Cancelled
tt12809988,Cancelled
tt12564616,Cancelled
tt10839422,Concluded
tt3609352,Cancelled
tt4635276,Concluded
tt7767422,Concluded
tt7520794,Concluded
tt8398600,Cancelled
tt10050772,Concluded
tt8064302,Concluded
tt9153270,Concluded
tt10037034,Concluded
tt10062292,Concluded
tt9612516,Concluded
tt8690518,Cancelled
tt8962124,Concluded
tt13492362,Cancelled
tt10945036,Cancelled
tt15387774,Cancelled
tt14369056,Cancelled
tt14167338,Cancelled
tt6524350,Concluded
tt5363918,Concluded
tt8235236,Concluded
tt9561862,Cancelled
tt10826054,Cancelled
tt10140028,Concluded
tt15125616,Concluded
tt15478708,Cancelled
tt10231312,Cancelled
tt7944664,Concluded
tt8019444,Concluded
tt8699270,Concluded
tt9466298,Concluded
tt10009170,Cancelled
tt13352232,Concluded
tt9288848,Concluded
tt14069590,Concluded
tt13357124,Concluded
tt13676344,Concluded
tt13357140,Concluded
tt14272628,Cancelled
tt5235950,Cancelled
tt8688814,Cancelled
tt6385540,Cancelled
tt8115672,Concluded
tt10687170,Concluded
tt4651448,Concluded
tt8115702,Concluded
tt10687184,Concluded
tt9165434,Concluded
tt10436228,Concluded
tt11860336,Concluded
tt9288860,Concluded
tt10687202,Concluded
tt9248538,Concluded
tt13979288,Cancelled
tt10380896,Cancelled
tt14770480,Cancelled
tt13351440,Cancelled
tt15061770,Cancelled
tt11194006,Cancelled
tt13573450,Cancelled
tt12211696,Cancelled
tt15211330,Concluded
tt11465278,Concluded
tt13241650,Concluded
tt2386826,Concluded
tt13321232,Concluded
tt15717742,Concluded
tt14906826,Concluded
tt16290860,Cancelled
tt10834220,Concluded
tt13231962,Concluded
tt8403570,Concluded
tt10919486,Concluded
tt2531336,Cancelled
tt13278100,Concluded
tt15340790,Cancelled
tt9184994,Cancelled
tt9849210,Cancelled
tt9184986,Cancelled
tt9184982,Cancelled
tt12104930,Concluded
tt9398466,Cancelled
tt11150912,Cancelled
tt10655506,Cancelled
tt12719250,Concluded
tt10238792,Cancelled
tt14160660,Concluded
tt14163838,Concluded
tt13282662,Cancelled
tt14167344,Concluded
tt11269886,Concluded
tt13524842,Cancelled
tt15349110,Cancelled
tt14759406,Concluded
tt10477528,Cancelled
tt10795658,Cancelled
tt14611486,Cancelled
tt9145880,Cancelled
tt13186480,Cancelled
tt13024974,Cancelled
tt10919420,Cancelled
tt12940504,Cancelled
tt12235718,Cancelled
tt11570202,Concluded
tt12079212,Concluded
tt15381716,Concluded
tt15808044,Concluded
tt9251798,Cancelled
tt13053222,Concluded
tt14315542,Concluded
tt13495314,Concluded
tt8165086,Concluded
tt8905964,Concluded
tt12987918,Concluded
tt8878862,Concluded
tt13064634,Concluded
tt7134908,Concluded
tt9731288,Concluded
tt12189308,Concluded
tt11937662,Concluded
tt12540080,Cancelled
tt11937732,Concluded
tt8690776,Concluded
tt11937816,Concluded
tt14821886,Concluded
tt15101964,Concluded
tt11698590,Concluded
tt15377930,Concluded
tt10888876,Concluded
tt10540276,Cancelled
tt14664414,Cancelled
tt11617848,Concluded
tt11961378,Cancelled
tt13317582,Cancelled
tt13878800,Concluded
tt11570224,Concluded
tt11102190,Concluded
tt13357946,Concluded
tt14202282,Concluded
tt15517928,Cancelled
tt7752034,Concluded
tt8005374,Cancelled
tt8289930,Cancelled
tt10810430,Cancelled
tt10681222,Concluded
tt11426660,Cancelled
tt11823076,Concluded
tt12585152,Concluded
tt10687266,Concluded
tt13789092,Concluded
tt13656220,Concluded
tt13087512,Concluded
tt14057360,Concluded
tt14318406,Concluded
tt14540468,Concluded
tt14677850,Concluded
tt14818454,Cancelled
tt14865290,Concluded
tt14968268,Cancelled
tt15233856,Cancelled
tt14178956,Cancelled
tt15402912,Cancelled
tt15723914,Cancelled
tt15674216,Cancelled
tt15677070,Concluded
tt7259746,Cancelled
tt6987788,Concluded
tt8893550,Concluded
tt9817298,Concluded
tt9278032,Concluded
tt10487072,Cancelled
tt9581768,Cancelled
tt11704040,Cancelled
tt12004280,Cancelled
tt12370124,Cancelled
tt12580168,Cancelled
tt10834478,Cancelled
tt12938472,Concluded
tt13161310,Concluded
tt13452100,Concluded
tt13660962,Concluded
tt13848380,Concluded
tt13887518,Concluded
tt13932598,Concluded
tt14037542,Cancelled
tt14136320,Cancelled
tt14164238,Cancelled
tt14210424,Concluded
tt14318392,Concluded
tt14492912,Concluded
tt14644428,Cancelled
tt14691382,Concluded
tt14398500,Cancelled
tt14902484,Cancelled
tt14956090,Cancelled
tt15036422,Concluded
tt15078760,Cancelled
tt15128558,Concluded
tt15192032,Concluded
tt14550060,Concluded
tt13438900,Cancelled
tt15216520,Cancelled
tt15251764,Cancelled
tt15320436,Concluded
tt15171996,Concluded
tt15018224,Concluded
tt15436028,Concluded
tt15470160,Cancelled
tt15674202,Concluded
tt14540924,Concluded
tt15665668,Concluded
tt15496866,Cancelled
tt15779034,Cancelled
tt15172154,Concluded
tt14527650,Cancelled
tt16247236,Concluded
tt15204216,Concluded
tt16088530,Cancelled
tt15567380,Concluded
tt16227948,Concluded
tt9165438,Concluded
tt14035218,Concluded
tt15381696,Concluded
tt15977708,Concluded
tt14494826,Concluded
tt7263154,Concluded
tt12765530,Concluded
tt14078186,Cancelled
tt13275052,Cancelled
tt5540990,Cancelled
tt9432978,Cancelled
tt16283666,Concluded
tt2169245,Concluded
tt1830379,Concluded
tt7335184,Concluded
tt9642938,Concluded
tt7221388,Concluded
tt9908860,Cancelled
tt8824648,Concluded
tt9185110,Concluded
tt8855592,Concluded
tt14916746,Concluded
tt15170710,Cancelled
tt13624584,Cancelled
tt14417802,Concluded
tt11126994,Cancelled
tt9381622,Concluded
tt10092764,Cancelled
tt4790546,Concluded
tt11905720,Cancelled
tt9199798,Concluded
tt9077192,Concluded
tt6963504,Concluded
tt7107518,Concluded
tt7698408,Cancelled
tt8687584,Cancelled
tt9077196,Concluded
tt9203078,Concluded
tt9384194,Concluded
tt8685446,Concluded
tt9169602,Concluded
tt10085386,Concluded
tt11194518,Concluded
tt11215186,Concluded
tt11823028,Cancelled
tt11942100,Concluded
tt12027034,Concluded
tt13607518,Concluded
tt14494718,Concluded
tt14167428,Concluded
tt15663868,Concluded
tt13365348,Concluded
tt11859542,Concluded
tt15527308,Concluded
tt12027896,Concluded
tt16492950,Concluded
tt14160712,Concluded
tt16745502,Concluded
tt15101670,Cancelled
tt14169960,Concluded
tt14655298,Concluded
tt14153686,Concluded
tt13323004,Concluded
tt16539880,Concluded
tt16583602,Concluded
tt15257704,Concluded
tt15494864,Concluded
tt16584084,Cancelled
tt5820976,Concluded
tt14494894,Concluded
tt15264192,Concluded
tt11311302,Cancelled
tt10611608,Concluded
tt12432642,Cancelled
tt13956560,Cancelled
tt15410190,Cancelled
tt15553922,Cancelled
tt15301854,Concluded
tt12379170,Concluded
tt15943826,Concluded
tt17045104,Concluded
tt17052148,Concluded
tt13317478,Concluded
tt8323702,Concluded
tt18274188,Concluded
tt16549788,Concluded
tt11092142,Cancelled
tt18274176,Cancelled
tt14202476,Concluded
tt18253682,Concluded
tt18260550,Cancelled
tt15096836,Cancelled
tt14494806,Concluded
tt13317508,Cancelled
tt18274172,Concluded
tt14465966,Cancelled
tt17737382,Concluded
tt14537060,Cancelled
tt16369694,Cancelled
tt18217272,Cancelled
tt18314214,Cancelled
tt15302054,Cancelled
tt18246842,Concluded
tt15326678,Concluded
tt14746934,Concluded
tt14319674,Concluded
tt18568732,Concluded
tt12360292,Concluded
tt15019128,Concluded
tt12885670,Cancelled
tt10638036,Cancelled
tt14959710,Concluded
tt18393972,Cancelled
tt15527326,Concluded
tt10050740,Cancelled
tt12717354,Concluded
tt14859224,Concluded
tt14140886,Cancelled
tt14160684,Concluded
tt15353358,Concluded
tt13308276,Concluded
tt18974572,Concluded
tt13317454,Concluded
tt18954258,Concluded
tt18396952,Cancelled
tt16912298,Concluded
tt14719276,Concluded
tt19671142,Concluded
tt13833978,Cancelled
tt19361940,Cancelled
tt19883592,Cancelled
tt14134334,Concluded
tt14460684,Concluded
tt13457822,Concluded
tt13238304,Cancelled
tt19398016,Concluded
tt19037550,Concluded
tt20449034,Concluded
tt13315156,Concluded
tt13861620,Cancelled
tt13640670,Concluded
tt17736234,Concluded
tt12642764,Concluded
tt19389564,Concluded
tt13696452,Cancelled
tt13561292,Concluded
tt14463542,Concluded
tt13323566,Cancelled
tt20113404,Cancelled
tt20602042,Cancelled
tt19895946,Cancelled
tt20560384,Cancelled
tt20192132,Cancelled
tt17216636,Cancelled
tt15292870,Concluded
tt20597418,Cancelled
tt14849626,Cancelled
tt13925166,Cancelled
tt15341198,Concluded
tt12005828,Cancelled
tt20560428,Concluded
tt9660182,Cancelled
tt10062046,Cancelled
tt21195532,Cancelled
tt15466144,Concluded
tt14589904,Cancelled
tt18783984,Cancelled
tt21195494,Cancelled
tt15268768,Concluded
tt21081098,Cancelled
tt13322978,Concluded
tt14664414,Cancelled
tt14899624,Concluded
tt14178824,Cancelled
tt21030224,Cancelled
tt20871054,Concluded
tt21315194,Cancelled
tt1751634,Concluded
tt15390524,Concluded
tt21261420,Cancelled
tt15875168,Cancelled
tt14272704,Cancelled
tt15527362,Cancelled
tt14906890,Cancelled
tt15527388,Cancelled
tt15135104,Cancelled
tt21289712,Cancelled
tt19723700,Cancelled
tt15096920,Cancelled
tt17641200,Cancelled
tt13106334,Cancelled
tt21332800,Cancelled
tt21341988,Cancelled
tt21448384,Cancelled
tt21107788,Cancelled
tt19113328,Concluded
tt15018238,Cancelled
tt15907000,Cancelled
tt21425934,Cancelled
tt2061527,Cancelled
tt13207736,Cancelled
tt14502728,Cancelled
tt15054962,Concluded
tt15654944,Concluded
tt22085978,Cancelled
tt4163486,Concluded
tt12590266,Cancelled
tt21448608,Concluded
tt13720112,Concluded
tt14518692,Concluded
tt15847542,Concluded
tt13697652,Concluded
tt14278524,Concluded
tt21432090,Cancelled
tt21839470,Concluded
tt21811888,Concluded
tt21340378,Concluded
tt10112282,Concluded
tt21107826,Concluded
tt15292942,Concluded
tt15781290,Cancelled
tt21107750,Cancelled
tt21439566,Cancelled
tt15764684,Cancelled
tt21964626,Cancelled
tt16442864,Cancelled
tt13444912,Cancelled
tt14852808,Cancelled
tt8415836,Cancelled
tt13649396,Cancelled
tt22479892,Cancelled
tt21107718,Cancelled
tt13351446,Cancelled
tt13983670,Cancelled
tt22055232,Cancelled
tt14987274,Cancelled
tt14735382,Cancelled
tt15096728,Concluded
tt19723774,Concluded
tt22055200,Concluded
tt15576994,Concluded
tt14463608,Concluded
tt14486722,Concluded
tt22180926,Concluded
tt22071828,Concluded
tt22437106,Concluded
tt22437092,Concluded
tt21839652,Concluded
tt22227040,Concluded
tt22071840,Concluded
tt21840870,Concluded
tt15553888,Concluded
tt10948716,Cancelled
tt21822078,Concluded
tt22750574,Concluded
tt21990768,Concluded
tt9319668,Concluded
tt16124614,Concluded
tt13443470,Concluded
tt22097692,Concluded
tt23037654,Cancelled
tt15289042,Concluded
tt22479848,Concluded
tt22807484,Concluded
tt23061466,Concluded
tt21107776,Concluded
tt22941150,Concluded
tt22263614,Concluded
tt23248022,Concluded
tt23061586,Concluded
tt21840894,Concluded
tt14302518,Concluded
tt8421350,Concluded
tt22012456,Concluded
tt23900194,Concluded
tt23747008,Concluded
tt16030542,Concluded
tt21031054,Concluded
tt13961348,Concluded
tt23556972,Concluded
tt21104890,Cancelled
tt22373732,Concluded
tt21344706,Cancelled
tt19723990,Concluded
tt19723864,Concluded
tt18313946,Concluded
tt23556906,Concluded
tt18482892,Concluded
tt22297578,Concluded
tt24749054,Concluded
tt21840938,Concluded
tt15292892,Concluded
tt23556846,Concluded
tt23826750,Concluded
tt23905576,Cancelled
tt15285844,Concluded
tt23897214,Concluded
tt15787870,Concluded
tt22099034,Concluded
tt13802576,Concluded
tt15591076,Concluded
tt21856734,Concluded
tt22013036,Concluded
tt23546622,Cancelled
tt12708140,Concluded
tt25031242,Cancelled
tt16913068,Cancelled
tt16969944,Cancelled
tt17048442,Concluded
tt24224968,Concluded
tt22481904,Cancelled
tt25274446,Concluded
tt25377596,Cancelled
tt5569404,Concluded
tt18271440,Concluded
tt26340238,Concluded
tt15506958,Concluded
tt13433814,Cancelled
tt22497928,Concluded
tt22297684,Concluded
tt15441160,Cancelled
tt26229508,Cancelled
tt19724076,Concluded
tt26368084,Concluded
tt21206964,Cancelled
tt26451138,Concluded
tt20565150,Concluded
tt26542635,Concluded
tt17050700,Concluded
tt23731242,Cancelled
tt21092364,Concluded
tt19788500,Concluded
tt26008888,Concluded
tt13918776,Concluded
tt26931883,Concluded
tt16402422,Concluded
tt19394168,Cancelled
tt10814036,Cancelled
tt26238218,Cancelled
tt15471900,Concluded
tt18382028,Cancelled
tt18273742,Cancelled
tt16163746,Cancelled
tt26940348,Concluded
tt26451131,Concluded
tt26690964,Concluded
tt26745756,Concluded
tt19050552,Concluded
tt26766489,Concluded
tt22001792,Concluded
tt18831118,Concluded
tt17491088,Concluded
tt14403178,Concluded
tt27124268,Concluded
tt27191658,Concluded
tt26350158,Cancelled
tt26687035,Cancelled
tt27206017,Cancelled
tt27128307,Cancelled
tt15055202,Cancelled
tt27206011,Cancelled
tt27448863,Cancelled
tt15469192,Concluded
tt14490706,Concluded
tt13064902,Concluded
tt11948642,Cancelled
tt27443477,Concluded
tt27146569,Cancelled
tt17013106,Concluded
tt20268688,Cancelled
tt14494938,Concluded
tt15473010,Cancelled
tt27612322,Concluded
tt27613233,Cancelled
tt19106798,Concluded
tt19037620,Concluded
tt22326484,Concluded
tt27664503,Cancelled
tt17550826,Concluded
tt25375244,Concluded
tt19503218,Concluded
tt13929756,Concluded
tt19382854,Concluded
tt22297178,Concluded
tt26315487,Concluded
tt26315488,Concluded
tt27787160,Concluded
tt20833168,Concluded
tt22696582,Concluded
tt27738618,Cancelled
tt14173900,Concluded
tt19296314,Concluded
tt15567320,Concluded
tt27502465,Concluded
tt27921622,Cancelled
tt27951663,Cancelled
tt17361756,Cancelled
tt12923792,Concluded
tt10241858,Cancelled
tt18079106,Concluded
tt28210839,Concluded
tt27853283,Cancelled
tt26777035,Concluded
tt28253602,Cancelled
tt28022865,Cancelled
tt27999986,Cancelled
tt27995116,Cancelled
tt27640679,Cancelled
tt28098032,Cancelled
tt27810455,Concluded
tt15402976,Concluded
tt11737520,Concluded
tt14690802,Concluded
tt17524566,Concluded
tt26258200,Concluded
tt1405354,Concluded
tt28306965,Cancelled
tt27790130,Cancelled
tt26770113,Concluded
tt21875120,Concluded
tt28347808,Concluded
tt28654741,Concluded
tt27787857,Concluded
tt28550654,Concluded
tt23730842,Cancelled
tt14833612,Concluded
tt15040054,Cancelled
tt28687401,Concluded
tt27132016,Cancelled
tt28336217,Cancelled
tt21627438,Cancelled
tt21627436,Cancelled
tt28658091,Cancelled
tt24578052,Cancelled
tt28637385,Cancelled
tt28711468,Cancelled
tt27995115,Cancelled
tt29040715,Cancelled
tt16287480,Cancelled
tt23477248,Cancelled
tt28521881,Cancelled
tt19072562,Cancelled
tt24245988,Cancelled
tt29195231,Cancelled
tt24132876,Concluded
tt27494436,Concluded
tt27849953,Cancelled
tt27591984,Cancelled
tt11097240,Cancelled
tt13309742,Cancelled
tt16270188,Cancelled
tt22264252,Cancelled
tt27423738,Cancelled
tt15040002,Cancelled
tt29311648,Cancelled
tt28019928,Cancelled
tt26258202,Cancelled
tt28951022,Concluded
tt19723614,Concluded
tt22459586,Concluded
tt27787856,Concluded
tt28466970,Concluded
tt29824198,Concluded
tt27055592,Concluded
tt29416049,Cancelled
tt29475857,Concluded
tt29686471,Concluded
tt28628302,Cancelled
tt28104766,Concluded
tt29603735,Concluded
tt8323628,Concluded
tt28948476,Concluded
tt28129282,Concluded
tt13664452,Concluded
tt22352854,Concluded
tt29420686,Concluded
tt30265378,Concluded
tt27787859,Concluded
tt30249004,Concluded
tt16288804,Concluded
tt22696780,Concluded
tt28225048,Concluded
tt17632862,Concluded
tt27052533,Concluded
tt30495228,Concluded
tt22297290,Concluded
tt19723558,Concluded
tt30476509,Concluded
tt26760483,Concluded
tt26218826,Concluded
tt28712944,Concluded
tt27494999,Concluded
tt30342862,Concluded
tt23735438,Concluded
tt30626175,Concluded
tt31035004,Concluded
tt21993130,Concluded
tt31183676,Concluded
tt9018736,Concluded
tt29338463,Concluded
tt22012992,Concluded
tt28642796,Cancelled
tt30791203,Cancelled
tt27760092,Concluded
tt30842486,Cancelled
tt31049778,Cancelled
tt31030101,Concluded
tt30342862,Concluded
tt23735438,Concluded
tt30626175,Concluded
tt28020043,Concluded
tt31080404,Cancelled
tt28642797,Cancelled
tt13016388,Cancelled
tt13210838,Concluded
tt29338462,Cancelled
tt20917538,Cancelled
tt11384300,Cancelled
tt31183656,Concluded
tt22325774,Cancelled
tt11262142,Cancelled
tt31158584,Concluded
tt26227818,Concluded
tt30003786,Concluded
tt11650492,Concluded
tt15379396,Concluded
tt27415863,Concluded
tt17492848,Cancelled
tt15358446,Concluded
tt13090810,Concluded
tt14872196,Concluded
tt27054614,Concluded
tt15441086,Concluded
tt21874396,Concluded
tt29382583,Concluded
tt31638758,Concluded
tt31608961,Concluded
tt31722999,Concluded
tt31852722,Concluded
tt31844701,Concluded
tt30423279,Concluded
tt31691316,Concluded
tt21072112,Concluded
tt31491435,Concluded
tt32369358,Concluded
tt26426076,Concluded
tt29402539,Concluded
tt32178759,Concluded
tt29899148,Concluded
tt15204292,Concluded
tt22188654,Concluded
tt28267514,Concluded
tt25166726,Concluded
tt31038436,Concluded
tt32126717,Concluded
tt31806036,Concluded
tt27763561,Cancelled
tt31691317,Cancelled
tt16283758,Concluded
tt30400535,Cancelled
tt21962590,Cancelled
tt27843828,Cancelled
tt31158582,Cancelled
tt32146518,Cancelled
tt31806050,Cancelled
tt31173685,Concluded
tt32460481,Cancelled
tt21831910,Cancelled
tt19734104,Cancelled
tt13353456,Cancelled
tt32832648,Cancelled
tt31250132,Concluded
tt32608335,Concluded
tt26757529,Concluded
tt32551794,Concluded
tt32764092,Cancelled
tt26767508,Concluded
tt8550732,Concluded
tt14153236,Concluded
tt32740307,Cancelled
tt31158593,Concluded
tt30068042,Concluded
tt28298539,Concluded
tt31158586,Concluded
tt28810495,Concluded
tt33038128,Concluded
tt32932523,Concluded
tt31408298,Concluded
tt31174036,Concluded
tt26675358,Concluded
tt32897271,Concluded
tt33038099,Concluded
tt1745240,Concluded
tt26259966,Concluded
tt11514868,Concluded
tt33246792,Concluded
tt33301469,Concluded
tt26933824,Concluded
tt10625492,Concluded
tt21187072,Concluded
tt29494111,Concluded
tt33295797,Concluded
tt29306091,Concluded
tt33344252,Concluded
tt33184626,Concluded
tt33040785,Concluded
tt31158589,Concluded
tt31260386,Concluded
tt28703559,Concluded
tt13930822,Concluded
tt30277745,Cancelled
tt29338465,Concluded
tt30217222,Concluded
tt32245002,Concluded
tt30068040,Cancelled
tt33294894,Cancelled
tt33480540,Cancelled
tt31828643,Cancelled
tt31408266,Cancelled
tt33040876,Cancelled
tt26670955,Cancelled
tt32581509,Cancelled
tt33130884,Cancelled
tt28288478,Concluded
tt15114854,Concluded
tt29103836,Concluded
tt31158594,Concluded
tt32245065,Cancelled
tt31226362,Cancelled
tt23480510,Concluded
tt33840297,Cancelled
tt34377076,Cancelled
tt34169767,Concluded
tt29494110,Concluded
tt31974344,Cancelled
tt34724701,Cancelled
tt34599590,Cancelled
tt34247552,Concluded
tt27995113,Concluded
tt19891306,Cancelled
tt27368999,Concluded
tt31106358,Cancelled
tt9892936,Cancelled
tt34729811,Concluded
tt33350486,Concluded
tt34682889,Concluded
tt33040766,Concluded
tt31078755,Concluded
tt35064818,Concluded
tt30096238,Concluded
tt34570673,Concluded
tt28106730,Concluded
tt35256070,Cancelled
tt34692003,Cancelled
tt29632046,Cancelled
tt27719131,Concluded
tt32501221,Cancelled
tt35052467,Cancelled
tt34991330,Concluded
tt29135600,Concluded
tt14879018,Concluded
tt35474026,Concluded
tt15340954,Concluded
tt29242849,Concluded
tt35450649,Concluded
tt34896296,Concluded
tt23664162,Cancelled
tt35609846,Cancelled
tt32307068,Cancelled
tt35704111,Cancelled
tt31806045,Concluded
tt35510210,Concluded
tt26471411,Concluded
tt20917940,Cancelled
tt34569030,Concluded
tt35836959,Cancelled
tt30057076,Concluded
tt31092106,Concluded
tt34691842,Concluded
tt27505053,Concluded
tt15789898,Concluded
tt35257773,Cancelled
tt32491422,Cancelled
tt35630627,Cancelled
tt32510002,Concluded
tt35931863,Cancelled
tt31407116,Concluded
tt28088031,Cancelled
tt33522709,Cancelled
tt15716776,Cancelled
tt20672482,Cancelled
tt29921070,Cancelled
tt27740241,Cancelled
tt31186005,Concluded
tt36414438,Cancelled
tt33332486,Cancelled
tt33047061,Cancelled
tt36353565,Cancelled
tt32501190,Concluded
tt32249973,Concluded
tt30407364,Concluded
tt15515490,Concluded
tt32063523,Concluded
tt27995114,Concluded
tt30826447,Concluded
tt32082636,Concluded
tt35630224,Concluded
tt36279637,Concluded
tt33098081,Concluded
tt32485985,Concluded
tt27554348,Concluded
tt31909033,Concluded
tt32500304,Concluded
tt31656537,Concluded
tt33078939,Cancelled
tt35668657,Cancelled
tt36711188,Concluded
tt32764263,Cancelled
tt33028674,Cancelled
tt35804779,Concluded
tt29650530,Cancelled
tt31216548,Cancelled
tt28243363,Cancelled
tt36381243,Cancelled
tt33029688,Cancelled
tt36852036,Cancelled
tt37026681,Cancelled
tt33989829,Cancelled
tt6340304,Concluded
tt27898511,Concluded
tt33269635,Cancelled
tt32213668,Cancelled
tt32581507,Cancelled
tt35323313,Cancelled
tt36517681,Concluded
tt26626214,Cancelled
tt31501513,Cancelled
tt31220187,Cancelled
tt37504309,Cancelled
tt37262365,Cancelled
tt37272805,Concluded
tt33047063,Concluded
tt35056033,Cancelled
tt37333650,Concluded
tt35668156,Concluded
tt32492739,Concluded
tt36255016,Cancelled
tt37438632,Concluded
tt37447597,Concluded
tt33247080,Cancelled
tt36955264,Concluded
tt35665851,Cancelled
tt35056033,Cancelled
tt35677317,Concluded
tt32376299,Concluded
tt35803134,Concluded
tt29614148,Cancelled
tt8111088,Cancelled
tt8510382,Cancelled
tt10196390,Concluded
tt7759016,Cancelled
tt10167284,Cancelled
tt10163846,Cancelled
tt11199558,Cancelled
tt11199552,Cancelled
tt10854760,Cancelled
tt9695266,Concluded
tt12579042,Cancelled
tt6974848,Cancelled
tt0458290,Concluded
tt10225108,Concluded
tt11998854,Concluded
tt10219416,Concluded
tt10162496,Cancelled
tt12162902,Cancelled
tt12105232,Cancelled
tt11241096,Concluded
tt12372034,Concluded
tt10857210,Cancelled
tt10225100,Cancelled
tt6057106,Cancelled
tt11176048,Concluded
tt5654778,Concluded
tt10196378,Concluded
tt7423322,Concluded
tt8111088,Cancelled
tt11853160,Concluded
tt13302848,Cancelled
tt10162586,Concluded
tt13089270,Concluded
tt11097576,Concluded
tt13650480,Concluded
tt14094206,Concluded
tt7939768,Cancelled
tt11238096,Cancelled
tt12708542,Cancelled
tt8510382,Cancelled
tt14465474,Cancelled
tt9140554,Concluded
tt12372034,Concluded
tt11875316,Cancelled
tt8610082,Cancelled
tt11547014,Cancelled
tt11069436,Cancelled
tt10516496,Cancelled
tt12579042,Cancelled
tt10168312,Concluded
tt9695266,Concluded
tt13891272,Cancelled
tt12225230,Cancelled
tt13622982,Cancelled
tt12286434,Concluded
tt10196390,Concluded
tt13891870,Concluded
tt13623992,Concluded
tt13644666,Concluded
tt13304700,Concluded
tt11871764,Concluded
tt14502780,Concluded
tt11852810,Concluded
tt9145308,Concluded
tt13891702,Concluded
tt13574490,Concluded
tt14584108,Concluded
tt8510382,Cancelled
tt13623148,Concluded
tt21441266,Cancelled
tt18069908,Concluded
tt15566204,Cancelled
tt0463398,Concluded
tt9253284,Cancelled
tt15039908,Cancelled
tt7939768,Cancelled
tt11238096,Cancelled
tt11875316,Cancelled
tt13622956,Cancelled
tt22187310,Concluded
tt14488928,Concluded
tt11714334,Concluded
tt17047510,Concluded
tt10278918,Concluded
tt12580982,Concluded
tt12708542,Cancelled
tt10196378,Concluded
tt23744508,Concluded
tt11871764,Concluded
tt15551300,Concluded
tt15559540,Concluded
tt8111088,Cancelled
tt26901868,Cancelled
tt12225230,Cancelled
tt14502780,Concluded
tt14296996,Concluded
tt15090858,Concluded
tt18069838,Concluded
tt13622982,Cancelled
tt10516496,Cancelled
tt13891870,Concluded
tt15552018,Cancelled
tt14107656,Concluded
tt14866860,Concluded
tt27282525,Concluded
tt8510382,Cancelled
tt13622776,Concluded
tt13623148,Concluded
tt28550655,Concluded
tt13574490,Concluded
tt20447008,Concluded
tt14465474,Cancelled
tt9140554,Concluded
tt17720272,Concluded
tt11069436,Cancelled
tt17047510,Concluded
tt12324366,Concluded
tt10168312,Concluded
tt12262202,Concluded
tt16026746,Concluded
tt16027074,Cancelled
tt18923754,Concluded
tt2312036,Concluded
tt4789576,Concluded
tt5875646,Concluded
tt5620076,Concluded
tt5520392,Concluded
tt5834204,Concluded
tt1236246,Cancelled
tt6548228,Concluded
tt8427140,Cancelled
tt8619822,Cancelled
tt9113406,Cancelled
tt8594028,Cancelled
tt2187319,Cancelled
tt2883562,Cancelled
tt3147316,Cancelled
tt3453512,Concluded
tt4633166,Concluded
tt3432810,Concluded
tt4676574,Concluded
tt4577466,Concluded
tt4975856,Concluded
tt7292950,Concluded
tt8324422,Concluded
tt8962130,Concluded
tt7649694,Concluded
tt7661046,Concluded
tt8577458,Cancelled
tt2235759,Cancelled
tt10166602,Cancelled
tt2818496,Cancelled
tt8910922,Concluded
tt8777690,Concluded
tt10394790,Concluded
tt2269658,Concluded
tt2057511,Concluded
tt2188577,Concluded
tt2884130,Concluded
tt5122514,Concluded
tt11203896,Concluded
tt1826909,Concluded
tt2404125,Concluded
tt7509270,Concluded
tt12244950,Concluded
tt0459159,Concluded
tt3107224,Concluded
tt2603596,Concluded
tt5761478,Concluded
tt7412482,Concluded
tt8050586,Concluded
tt8602408,Concluded
tt8629150,Concluded
tt8430356,Concluded
tt10404664,Concluded
tt10193046,Concluded
tt7411098,Concluded
tt2211129,Concluded
tt3314218,Concluded
tt0412253,Concluded
tt5094726,Concluded
tt7708720,Concluded
tt7755494,Concluded
tt2319283,Concluded
tt7150060,Concluded
tt5830254,Concluded
tt4647692,Concluded
tt3502248,Concluded
tt3973768,Concluded
tt1740299,Concluded
tt2805574,Concluded
tt4687880,Concluded
tt4687892,Concluded
tt5011816,Concluded
tt4878612,Concluded
tt4687882,Concluded
tt3390892,Concluded
tt6130902,Concluded
tt5057054,Concluded
tt7008682,Concluded
tt6932244,Concluded
tt1190634,Concluded
tt1869454,Concluded
tt0489974,Concluded
tt7456722,Concluded
tt8741290,Concluded
tt3012184,Cancelled
tt3012160,Concluded
tt3496764,Concluded
tt3012532,Concluded
tt3502262,Concluded
tt3502172,Concluded
tt3952746,Concluded
tt3973820,Concluded
tt4196686,Concluded
tt4947608,Concluded
tt5478730,Concluded
tt5834198,Concluded
tt5540054,Concluded
tt1292576,Concluded
tt5788792,Concluded
tt1082583,Concluded
tt8543390,Concluded
tt11569530,Concluded
tt7826376,Concluded
tt8101850,Concluded
tt5523460,Concluded
tt8271176,Concluded
tt2183641,Concluded
tt5239494,Concluded
tt5200330,Concluded
tt5932548,Concluded
tt7459986,Concluded
tt8005176,Concluded
tt3230854,Concluded
tt6794990,Concluded
tt2306299,Concluded
